conference_id,url,error
140849,https://civilica.com/doc/1912690/,
117086,https://civilica.com/doc/1926435/,
117086,https://civilica.com/doc/1926432/,
117086,https://civilica.com/doc/1926444/,
117086,https://civilica.com/doc/1926431/,
117086,https://civilica.com/doc/1926413/,
117086,https://civilica.com/doc/1926429/,
117086,https://civilica.com/doc/1926441/,
117086,https://civilica.com/doc/1926440/,
117086,https://civilica.com/doc/1926391/,
117086,https://civilica.com/doc/1926407/,
117086,https://civilica.com/doc/1926412/,
117086,https://civilica.com/doc/1926428/,
140845,https://civilica.com/doc/1914977/,Server disconnected
